[
  {
    "HostName": "eawxcp101",
    "InstanceName": "xc-prod-tky-webap-ec2-01",
    "Devicename": [
      "C:",
      "D:"
    ]
  },
  {
    "HostName": "eawxcp102",
    "InstanceName": "xc-prod-tky-webap-ec2-02",
    "Devicename": [
      "C:",
      "D:"
    ]
  },
  {
    "HostName": "eawxcp103",
    "InstanceName": "xc-prod-tky-webap-ec2-03",
    "Devicename": [
      "C:",
      "D:"
    ]
  },
  {
    "HostName": "eawxcp104",
    "InstanceName": "xc-prod-tky-webap-ec2-04",
    "Devicename": [
      "C:",
      "D:"
    ]
  },
  {
    "HostName": "eawxcp201",
    "InstanceName": "xc-prod-tky-bat-ec2-01",
    "Devicename": [
      "C:",
      "D:"
    ]
  },
  {
    "HostName": "eawxcp202",
    "InstanceName": "xc-prod-tky-bat-ec2-02",
    "Devicename": [
      "C:",
      "D:"
    ]
  }
]