[
  {
    "HostName": "yawwcp101",
    "InstanceName": "wc-prod-tky-webap-ec2-01",
    "Devicename": [
      "C:",
      "D:"
    ]
  },
  {
    "HostName": "yawwcp102",
    "InstanceName": "wc-prod-tky-webap-ec2-02",
    "Devicename": [
      "C:",
      "D:"
    ]
  },
  {
    "HostName": "yawwcp103",
    "InstanceName": "wc-prod-tky-webap-ec2-03",
    "Devicename": [
      "C:",
      "D:"
    ]
  },
  {
    "HostName": "yawwcp104",
    "InstanceName": "wc-prod-tky-webap-ec2-04",
    "Devicename": [
      "C:",
      "D:"
    ]
  },
  {
    "HostName": "yawwcp201",
    "InstanceName": "wc-prod-tky-bat-ec2-01",
    "Devicename": [
      "C:",
      "D:"
    ]
  },
  {
    "HostName": "yawwcp202",
    "InstanceName": "wc-prod-tky-bat-ec2-02",
    "Devicename": [
      "C:",
      "D:"
    ]
  }
]